{"cameraMode":{"drawMode":0,"name":"Shaded","section":"Shading Mode"},"sceneLighting":true,"audioPlay":false,"sceneViewState":{"showFog":true,"showMaterialUpdate":true,"showSkybox":true,"showFlares":true,"showImageEffects":true,"showParticleSystems":true},"in2DMode":false,"pivot":{"x":-0.03296247124671936,"y":4.35134220123291,"z":0.0},"rotation":{"x":0.2766137719154358,"y":-0.5186851620674133,"z":0.18202060461044312,"w":0.7882377505302429},"size":2.3147621154785158,"orthographic":true}